418|22938914
418|7482
3032|6537862
3032|17463
3032|17885058
3032|10221
7482|10156542
13203|15737882
13203|20435581
13203|53991585
13203|47816328
17463|12805082
17463|10221
383323|16185812
383323|7636802
383323|16463110
752303|280784757
752303|15495146
755485|77142112
756275|13567
756275|22938914
756275|25267771
772787|1638691
773613|33472133
773613|35592516
777853|39269832
781562|26944821
781562|67012213
781562|17721340
781562|63211545
781562|334243879
781562|23578860
781562|128222962
781562|25059250
781562|21834373
781562|36547342
781562|13683762
781562|33778809
781562|22826185
781562|14429823
781562|11562992
781562|133067027
781562|47526232
781562|331436762
781562|18126056
781562|14677381
781562|32233426
781562|213072246
781562|156301886
781562|17070714
781562|16071315
781562|1648351
781562|27888179
781562|15220190
781562|121773732
804640|20955729
804640|17885058
804640|21678635
804640|4958911
804640|3032
804640|17206599
804640|10817552
804640|15447081
804640|3249251
804640|19314329
804640|24663940
804640|15259875
804640|47421959
804640|34052803
804640|15842079
804640|16465079
804640|28221373
810672|22938914
811274|418
817270|418
817270|22938914
820942|22938914
820942|11404642
820942|14976587
820942|260099568
820942|142528657
820942|16364536
820942|5388812
1502171|418
1502171|18270658
1502171|3032
1502171|16864590
1648351|30072881
1648351|47425094
1648351|10221
1648351|22462363
1648351|418
1648351|3032
1648351|272001208
1648351|30104113
1648351|22938914
1711321|294940405
1711321|39755564
1791531|7357202
2248211|418
2248211|75432614
2248211|22938914
2248211|19314329
2278321|418
2278321|17463
2278321|22938914
2278321|7457322
2365991|46719664
2365991|35611404
2365991|110200326
2365991|169585114
2365991|11096662
2365991|43144049
2365991|19338101
2365991|60815174
2365991|30297742
2365991|162290200
2365991|155417186
2365991|32504468
2365991|14318277
2365991|45031194
2765321|7457322
2765321|13683762
3249251|14861579
3249251|198996285
3249251|17885058
3249251|21678635
3249251|17206599
3249251|30117829
3249251|10817552
3249251|18461401
3249251|24663940
3249251|32504468
3249251|15842079
3249251|17873992
3249251|17644786
3249251|28221373
3412571|115164432
3422521|7457322
3422521|1502171
3422521|18982468
3422521|17885058
3422521|10221
4483691|46382559
4958911|23121669
4958911|6537862
4958911|13460112
4958911|14793446
4958911|16049609
4958911|14429823
4958911|17885058
4958911|49483679
5366432|40020840
5388812|146229333
5388812|28110522
5388812|15259875
5388812|41234692
5388812|29637330
5388812|13983192
5388812|260099568
5388812|14976587
5401232|14641650
5401232|27948237
5401232|15592771
5407512|55050581
5407512|6724092
5407512|15251252
5407582|17010744
5844332|418
5846562|10449052
5846562|16462880
5846562|25586687
5846562|17820753
5846562|48066337
5846562|18560680
5911382|6537862
5911382|13460112
5911382|25896613
5911382|804640
5911382|17885058
5911382|29471163
5911382|18617037
5911382|159257356
5911382|65188654
5911382|237114356
5911382|3249251
5911382|203713925
5911382|19970360
5911382|32504468
5911382|50911894
5911382|21682855
5911382|62462658
5911382|42098040
5911382|42667928
5911382|15416946
6018562|418
6018562|10855182
6018562|14386696
6018562|14573910
6018562|16929817
6151792|14888330
6151792|804640
6151792|10221
6262762|102235305
6410782|223638371
6410782|22278978
6459972|7444752
6534502|40020840
6537862|418
6537862|8602182
6537862|13460112
6537862|45646770
6537862|152347648
6537862|22938914
6537862|16565629
6537862|72846254
6537862|804640
6537862|75432614
6537862|10221
6537862|429541970
6537862|62548835
6537862|14429823
6537862|17788702
6537862|17206599
6537862|1355741
6537862|14865477
6537862|16049609
6537862|262269278
6537862|89274806
6537862|47421959
6537862|14318277
6537862|28221373
6838002|14942309
6838002|20193563
6838002|20955729
6838002|170122506
6838002|20523212
6838002|50859487
6838002|14429823
6838002|278755526
6838002|14801605
6838002|19955062
7336232|804640
7336232|198996285
7336232|41234692
7414282|19747434
7414282|18488759
7507032|16507298
7507032|22938914
7507032|15259875
7524272|14469505
7636802|259162759
7636802|11928362
7636802|22938914
7636802|204212394
7636802|173345491
7636802|80583499
7636802|224010969
7636802|14853580
7636802|51982806
7636802|180336345
7636802|8894612
7636802|16463110
7636802|33472133
7636802|168281661
7636802|8046872
7636802|20401337
7636802|294604450
7636802|17420317
7636802|25415410
7636802|10510522
7636802|40100158
7636802|22569361
7636802|28075089
7636802|210757707
7636802|196800670
7636802|89625314
7636802|21262750
7636802|27128737
7636802|22737934
7636802|16185812
7636802|291535646
7645392|22194027
7645392|11101232
7833302|418
7833302|17463
7833302|6262762
7833302|22938914
8046872|804640
8046872|14348502
8046872|8116572
8094222|8108622
8602182|418
8602182|70466017
8602182|309887647
8602182|18809657
8602182|36807854
8602182|22938914
8602182|17885058
8602182|3032
8602182|26898230
8602182|22319651
8602182|147338461
8602182|19314329
8602182|22428105
8602182|47421959
8602182|34052803
8602182|18004683
9563312|15005691
9613162|29353869
9613162|10221
9613162|29118832
9837072|12091872
9837072|11922222
9837072|20389296
9871252|38799930
9887252|13683762
9887252|14386696
9953462|14429823
9953462|1355741
9953462|14300107
9953462|14529503
9953462|15251252
9953462|15614444
9953462|7457322
9953462|13496242
9953462|27948237
9953462|15301179
10025472|17463
10025472|2248211
10118992|29380466
10121582|25108567
10156542|14573910
10156542|418
10156542|10855182
10157042|19047364
10157042|14429823
10157042|7457322
10157042|19009248
10157042|18797518
10157042|15301179
10157042|14049744
10157042|14641650
10157042|13496242
10239702|14429823
10239702|14677381
10239702|15013516
10239702|15259875
10239702|18258253
10239702|809873
10331402|6092712
10449052|16446349
10449052|25586687
10449052|804640
10449052|18560680
10510522|17420317
10566402|225983940
10777722|418
10777722|39570171
10777722|17206599
10777722|15259875
10777722|30907848
10777722|260099568
10855182|418
10855182|14677381
10855182|7482
10855182|10221
11096662|16638233
11096662|22938914
11096662|16104331
11096662|15859184
11101232|418
11101232|7482
11101232|10221
11104322|418
11109422|22938914
11215522|28016776
11255752|18126056
11344382|17820753
11344382|22938914
11349972|216516672
11349972|18560680
11404642|14976587
11404642|48591980
11404642|19784413
11415722|110200326
11478862|418
11478862|22938914
11562992|35979799
11562992|17343516
11562992|22046277
11562992|67012213
11562992|36547342
11562992|133067027
11562992|18126056
11562992|156301886
11562992|92577188
11562992|121773732
11562992|17070714
11614172|262269278
11614172|53991585
11619372|156706843
11619372|60280161
11922222|278755526
11922222|12091872
11922222|15450734
11922222|14793446
11922222|26002770
11928362|177554454
11928362|196117757
11928362|10221
11928362|23554635
11928362|17010744
11928362|20017544
11928362|18348181
12091872|15450734
12091872|20038514
12091872|26002770
12091872|214583865
12091872|33355889
12091872|278755526
12091872|14793446
12100282|34052803
12262212|25267771
12332052|22304344
12375042|108193800
12375042|378697386
12805082|418
13491282|308921323
13511872|7457322
13799382|17639688
13880162|275595652
13983192|142528657
13983192|213878790
13983192|29637330
13983192|16871696
13983192|245397827
13983192|18989405
13983192|19888247
13983192|15005691
13983192|12231652
13983192|193035701
13983192|41970576
13983192|9866872
13983192|820942
14049744|14300107
14082582|14393762
14082582|24431450
14082582|263486516
14089083|7482
14164942|22993401
14164942|267635200
14176869|20389296
14184716|14973291
14200912|16555697
14224407|22938914
14267481|19088107
7738|29236346
10221|418
10221|22938914
809873|22938914
809873|18345348
809873|15013516
1355741|40020840
1355741|81008608
1355741|24519125
1355741|15347405
1355741|156386898
1355741|62548835
1355741|20869294
1355741|14850972
1355741|14853580
1355741|157855733
1355741|234271480
1355741|17885058
1355741|28639547
1355741|33232917
1355741|101530596
1355741|33377660
1355741|14241791
1355741|16364536
1355741|17161249
1355741|16251839
1355741|373024546
1355741|13496242
1592601|12052132
1850731|16296664
6297272|418
6297272|34832857
6297272|7482
7357202|15295951
7357202|3249251
7357202|16745590
7457322|27920185
7457322|260180529
7457322|19682247
7457322|29257499
7457322|16943688
7457322|13683762
7457322|15259875
7457322|64365960
7457322|16864590
7457322|17917899
7457322|14653661
7457322|14677381
7457322|21886558
8072312|15861896
8072312|248779652
8072312|36173190
8072312|148461010
8116572|418
8116572|22938914
9313282|42514557
9762722|10221
9834842|131320193
9834842|49529214
9834842|418
9834842|35611404
9866872|18989405
9866872|16364536
9866872|23121669
9866872|29353869
10104622|418
10104622|75432614
10104622|225649393
10104622|17463
10104622|804640
10104622|27888179
10104622|21834373
10104622|36252405
10104622|13683762
10104622|14372009
10104622|11562992
10104622|14315582
10104622|18126056
10104622|32233426
10104622|17070714
10104622|16071315
10817552|32504468
10817552|17644786
10817552|20643299
10817552|21678635
10817552|17885058
10817552|24663940
11127942|142528657
11359872|16585874
11922192|133067027
11922192|49687503
11922192|26888377
12231652|15259875
12231652|24205958
12231652|29637330
12231652|19784413
12231652|196199171
12231652|41970576
12231652|22454102
12231652|13567
12231652|22814381
13460112|168919653
13460112|17206599
13460112|29661568
13460112|28221373
13460112|152347648
13460112|71904668
13460112|19377839
13460112|14300107
13460112|16049609
13460112|23144454
13460112|111574280
13496242|14429823
13496242|14300107
13496242|20869294
13496242|14850972
13496242|15251252
13496242|15259875
13496242|16943688
13496242|15301179
13496242|15614444
13496242|267635200
13496242|14413549
13601052|15255734
13601052|72846254
13683762|27888179
13683762|49483679
13683762|18126056
13683762|195161966
13683762|128222962
13683762|21834373
13683762|14300107
13683762|16071315
13683762|14241791
13683762|137482856
13683762|32233426
13683762|34052803
13683762|25782736
13683762|14641650
13683762|17788702
13683762|14315582
13683762|14677381
13683762|15301179
14070248|108193800
14070248|18617037
14070248|58989384
14070248|122107493
14070248|39589887
14091391|22938914
14241791|14677381
14241791|309887647
14241791|10221
14241791|17820753
14241791|250253394
14241791|19338101
14241791|300086170
14241791|19314329
14241791|14653661
14241791|17644786
14241791|28221373
14266682|4958911
14266682|142528657
14266682|26949706
14266682|88597150
14266682|3032
14266682|10221
14278313|19006998
14300107|4958911
14300107|17206599
14300107|14429823
14300107|15285490
14300107|20955729
14300107|3032
14300107|15251252
14300107|16049609
14300107|20869294
14300107|14677381
14300107|15301179
14300107|19955062
14315582|27369475
14315582|23578860
14315582|133067027
14315582|213072246
14315582|418
14315582|156301886
14315582|16071315
14315582|331436762
14315582|36547342
14315582|48440251
14315582|17343516
14315582|18126056
14315582|62338316
14315582|32233426
14315582|23908001
14315582|11562992
14315582|53118807
14318277|16638233
14318277|22938914
14334705|418
14334705|13526132
14372009|82425354
14372009|92577188
14372009|16071315
14386696|10854932
14386696|14861579
14386696|3032
14386696|17885058
14393762|43047139
14393762|17375520
14393762|34374298
14393762|183118574
14393762|30819198
14393762|263486516
14393762|315707092
14408130|22814381
14408130|15104103
14408130|149279002
14408130|18342281
14408130|14856967
14408130|65188654
14408130|15416946
14408130|16364536
14408130|14865477
14408130|22977734
14408130|42468588
14408130|41970576
14408130|14976587
14429823|152347648
14429823|14865477
14429823|17206599
14429823|17885058
14429823|14677381
14429823|16049609
14432950|23599159
14432950|196800670
14432950|70455504
14432950|78410416
14432950|115164432
14446544|16539871
14446544|16585874
14448368|22938914
14452057|14861579
14452057|17885058
14452057|50859487
14452057|17070714
14453197|22938914
14500423|15145841
14529503|18617037
14529503|14861579
14530895|19745578
14535614|204902055
14535614|23871022
14535614|22938914
14535614|34485598
14535614|31223292
14535614|42667928
14548212|418
14548212|62579691
14548212|7482
14548212|34668290
14551066|418
14551066|15446261
14551066|2765321
14551066|10156542
14562259|19661470
14573910|10855182
14573910|7482
14573910|418
14581701|418
14609273|36889468
14609273|20302798
14635046|33538727
14641556|90310915
14641556|47733618
14641556|225983940
14641556|31207281
14641650|15255734
14641650|27888179
14641650|3032
14641650|17788702
14641650|14429823
14646046|22938914
14650644|25220026
14653661|10221
14653661|23144454
14653661|21866784
14653661|19338101
14653661|9762722
14665537|546578089
14665537|69505086
14677381|16565629
14677381|64365960
14677381|145245905
14677381|15251252
14677381|26545455
14677381|48066337
14677381|14865477
14700915|22938914
14747183|418
14747183|11478862
14793446|16364536
14793446|122107493
14793446|15301179
14801605|14942309
14827286|46523110
14827286|169224970
14827286|129247374
14827286|15922995
14827286|106944327
14853580|52699188
14853580|573461782
14853580|492172272
14853580|426562915
14853580|40100158
14853580|276391406
14856967|28016776
14856967|73385168
14856967|3032
14856967|79098528
14856967|44972889
14856967|30907848
14861579|55050581
14861579|14976587
14861579|27888179
14861579|72846254
14861579|3032
14861579|17206599
14861579|42667928
14861579|15221654
14861579|22454102
14861579|28221373
14861579|20694423
14861579|25176517
14861579|14888330
14861579|16465079
14861579|804640
14861579|23578860
14861579|149279002
14861579|16071315
14861579|82732299
14861579|17885058
14861579|198996285
14861579|24441491
14861579|156301886
14861579|20643299
14865477|28016776
14865477|152347648
14865477|16049609
14865477|149279002
14865477|17885058
14865477|41970576
14865477|125365320
14865477|22719937
14865477|142528657
14865477|16364536
14865477|48591980
14865477|15259875
14865477|20281917
14865477|29637330
14883450|15183948
14883450|20761840
14888330|24983311
14888330|17885058
14923519|60815174
14923519|418
14944478|51614966
14976587|18342281
14976587|39570171
14976587|20523212
14976587|20949238
14976587|260099568
14976587|28110522
14976587|280784757
14976587|142528657
14976587|22719937
14976587|38548483
14976587|19888247
14976587|243760843
14976587|15259875
14976587|24205958
14976587|233782280
14976587|22977734
14976587|20281917
14976587|27909505
14976587|22814381
14976587|22454102
14996893|68315558
14996893|24041141
14997575|21279024
14997575|16364536
14997575|27909505
15005691|13685542
15013516|15259875
15030186|169666613
15030186|33446339
15030186|24216078
15030186|78390756
15040268|65188654
15040268|15416946
15046404|408848947
15088102|22938914
15104103|23650827
15104103|14976587
15104103|331207969
15104103|22719937
15104103|260099568
15104103|205557440
15104103|41234692
15104103|65188654
15104103|25220026
15104103|19888247
15104103|15259875
15104103|24205958
15104103|86391738
15104103|17161249
15104103|22977734
15104103|27909505
15104103|17587755
15104103|25525851
15104103|22814381
15125407|13685542
15125407|19861857
15128629|27948237
15136638|33685973
15169794|16871696
15169794|18225810
15180378|106944327
15213508|17463
15213508|22938914
15220190|349659279
15220190|17343516
15220190|26944821
15220190|41234692
15220190|133067027
15220190|23578860
15220190|14641650
15220190|36547342
15220190|3032
15220190|22826185
15220190|49483679
15220190|11562992
15220190|18126056
15220190|213072246
15220190|156301886
15220190|17070714
15220190|16071315
15251252|42667928
15251252|19828830
15251252|14429823
15251252|15301179
15251252|71904668
15251252|29471163
15251252|14562259
15251252|15255734
15251252|16207743
15251252|14241791
15251252|15259875
15251252|74047720
15251252|17788702
15251252|27948237
15251252|57174384
15251252|36889468
15255734|3032
15255734|19009248
15255734|4958911
15255734|19579267
15255734|6537862
15255734|17463
15255734|106907689
15255734|18797518
15255734|14865477
15255734|14429823
15255734|17788702
15255734|27948237
15255734|83293587
15255734|15301179
15259875|418
15259875|17206599
15259875|19861857
15259875|115808431
15259875|22977734
15259875|22814381
15259875|39755564
15259875|20523212
15259875|16296664
15259875|79867165
15259875|22719937
15259875|41234692
15259875|65188654
15259875|16364536
15259875|29637330
15259875|15416946
15259875|106774381
15259875|39570171
15259875|73385168
15259875|18560680
15259875|26888377
15259875|260099568
15259875|245397827
15259875|17343516
15259875|24205958
15259875|17161249
15259875|15301179
15259875|27909505
15259875|252239392
15259875|17587755
15259875|18342281
15259875|25452940
15259875|142528657
15259875|297100757
15259875|10118992
15259875|41970576
15259875|125365320
15259875|133067027
15259875|198996285
15259875|79098528
15259875|25525851
15259875|19888247
15259875|34668290
15283316|22938914
15285490|15301179
15295869|14653661
15295951|241931123
15295951|15450734
15295951|62374346
15301179|27920185
15301179|16943688
15301179|18797518
15301179|21681608
15301179|121828549
15301179|33778809
15301179|17788702
15301179|168919653
15301179|72846254
15301179|17010744
15301179|19241042
15301179|88578905
15301179|21886558
15341670|18005034
15347405|40020840
15410768|14315582
15413774|285620750
15416946|18342281
15416946|20949238
15416946|125365320
15416946|22375545
15416946|45584137
15416946|41234692
15416946|14856967
15416946|65188654
15416946|16364536
15416946|544503466
15416946|22977734
15416946|14278313
15416946|22814381
15420821|278755526
15427121|20761840
15446261|345158690
15446261|60815174
15446261|17873992
15446261|268459313
15447081|19888247
15447081|16364536
15447081|41043058
15450734|17375520
15450734|22938914
15450734|241931123
15450734|278755526
15457728|218673813
15495146|18114290
15592771|23578860
15592771|19911831
15592771|18126056
15592771|17343516
15592771|213072246
15592771|28654162
15592771|17070714
15592771|30235429
15594400|369082365
15603281|22938914
15605425|52463915
15614444|14184716
15682936|40456381
15682936|46599971
15737882|207676600
15806415|14755242
15806415|6262762
15806415|10221
15831099|124581753
15859184|19784413
15859184|17911957
15859184|17721340
15861896|81212087
15861896|111574280
15871237|13567
15914900|3249251
15922995|17639688
15922995|16733933
15937122|418
15937122|19676660
15945474|20643299
15959337|52253158
15989093|33355889
16023043|19062833
16023043|77142112
16023043|21866784
16023043|52189958
16046552|30072881
16046552|25027029
16046552|611181362
16046552|25764664
16046552|22938914
16046552|91962396
16046552|289269067
16046552|301532592
16046552|287278608
16046552|181815315
16046552|52463915
16046552|90681277
16046552|53259816
16046552|162505122
16046552|253349142
16046552|201592476
16046552|61407869
16046552|77659885
16046552|22499188
16046552|42667928
16046552|16585874
16046552|31430656
16046552|33446339
16046552|276067631
16046552|151544596
16049609|21678635
16049609|152347648
16049609|56476880
16049609|50859487
16049609|23121669
16049609|804640
16049609|17885058
16049609|17206599
16049609|28221373
16071315|145245905
16071315|17885058
16071315|23578860
16071315|27888179
16071315|36547342
16071315|72846254
16071315|258469038
16071315|133067027
16071315|24441491
16071315|18126056
16071315|82425354
16071315|249113106
16071315|16332709
16071315|55826349
16071315|32233426
16071315|17343516
16071315|213072246
16071315|156301886
16071315|17070714
16071315|16465079
16071315|21834373
16071315|11562992
16104331|43144049
16140629|418
16140629|22938914
16140629|29353869
16185812|51982806
16185812|89625314
16185812|80583499
16185812|22737934
16185812|16463110
16185812|168281661
16193529|42667928
16197534|23877463
16206186|22938914
16207743|28016776
16218208|32687216
16218208|110134810
16218208|24951388
16231883|17885058
16248788|90808763
16251682|42433469
16251682|30907848
16251682|289269067
16251839|14300107
16252561|25423741
16253359|40020840
16265040|42225189
16282118|20955729
16282118|32504468
16282118|19338101
16282118|17644786
16282118|24663940
16296664|19931663
16296664|10221
16296664|23144454
16296664|4958911
16296664|39570171
16296664|3032
16296664|17206599
16306473|3032
16318686|49144045
16332709|24441491
16332709|18126056
16332709|156301886
16335628|16938836
16339693|17885058
16353391|16298508
16353391|16364536
16353391|331207969
16364536|35785552
16364536|34052803
16364536|22977734
16364536|30907848
16364536|322445494
16364536|70391369
16364536|22719937
16364536|41234692
16364536|65188654
16364536|147338461
16364536|22428105
16364536|18004683
16364536|29637330
16364536|233782280
16364536|17644786
16364536|38879253
16364536|19314329
16364536|36949441
16364536|19888247
16364536|205557440
16364536|22319651
16364536|19784413
16364536|142528657
16364536|17161249
16364536|17344318
16364536|125365320
16364536|29257499
16364536|243760843
16375485|22938914
16462880|20869294
16462880|18560680
16462880|14429823
16462880|17917899
16462880|48066337
16462880|27840791
16462880|60815174
16463110|25267771
16465079|72846254
16465079|24441491
16465079|278755526
16531969|260099568
16539871|16585874
16552612|19753395
16552612|50859487
16565629|308921323
16565629|152347648
16565629|21546659
16565629|17885058
16565629|26028413
16565629|62548835
16565629|3032
16565629|14429823
16565629|13496242
16565629|15251252
16565629|17644786
16565629|22814381
16577931|22726604
16583999|418
16583999|42667928
16583999|14429823
16621682|14334705
16621682|127755259
16621682|3032
16621682|804640
16621682|17885058
16632424|22938914
16632424|14429823
16632424|137482856
16638233|24133451
16641441|35627054
16641441|98572459
16641441|42705577
16641441|44377285
16641441|268459313
16644663|86391738
16644663|30907848
16652540|23701512
16652540|16975054
16652540|804640
16687040|86816031
16697906|23144454
16697906|167155062
16709060|213072246
16709060|15220190
16709187|22938914
16709187|17885058
16709187|13567
16711338|22938914
16796683|20961496
16864590|17463
16864590|22938914
16864590|21886558
16864590|418
16864590|19931663
16864590|55206766
16871696|215450012
16871696|18225810
16929817|418
16929817|10855182
16943688|22938914
16943688|17206599
16943688|147338461
16943688|111574280
16943688|137482856
16943688|106907689
16968702|36547342
16968702|11562992
16975054|20643299
16999262|15909937
16999262|14976587
17010744|263389355
17010744|418
17010744|22938914
17010744|14386696
17010744|260180529
17010744|3032
17010744|17206599
17010744|39038467
17010744|28820362
17010744|17463
17010744|180336345
17010744|17788702
17010744|20869294
17010744|20017544
17010744|243102711
17021273|19917065
17021273|19696244
17021273|42468588
17021857|418
17022638|169666613
17022638|40001164
17070714|349659279
17070714|17343516
17070714|218367065
17070714|145245905
17070714|395224896
17070714|17721340
17070714|23578860
17070714|27888179
17070714|21834373
17070714|36547342
17070714|33778809
17070714|41234692
17070714|133067027
17070714|18126056
17070714|266868674
17070714|32233426
17070714|213072246
17070714|156301886
17070714|25059250
17158393|418
17161249|18342281
17161249|25452940
17161249|168919653
17161249|92570237
17161249|41234692
17161249|20949238
17161249|41970576
17161249|205557440
17161249|142528657
17161249|115808431
17161249|47421959
17161249|14850972
17161249|22977734
17161249|137482856
17174694|84081840
17174694|39755564
17188913|376971919
17206599|152347648
17206599|39570171
17206599|23144454
17206599|3032
17206599|42265590
17206599|17567542
17206599|558370909
17206599|21886558
17206599|18258253
17239430|151544596
17239430|74580776
17239430|47417127
17239430|355904074
17239430|49564252
17239430|60787321
17239430|183118574
17239430|10817552
17239430|34124040
17239430|225232174
17264363|21359583
17295339|146742317
17343516|349659279
17343516|25829746
17343516|418
17343516|19784413
17343516|22046277
17343516|3032
17343516|245516429
17343516|27888179
17343516|29641321
17343516|21834373
17343516|36252405
17343516|36547342
17343516|41970576
17343516|72846254
17343516|17206599
17343516|23908001
17343516|49483679
17343516|133067027
17343516|14865477
17343516|16332709
17343516|55826349
17343516|266868674
17343516|32233426
17343516|213072246
17343516|156301886
17343516|18126056
17344318|30907848
17344318|29257499
17357155|63321027
17373972|38307871
17373972|40020840
17373972|2365991
17375520|34374298
17375520|69488074
17375520|24431450
17375520|183118574
17375520|30819198
17375520|10221
17381228|40396903
17381228|18779153
17381228|17567542
17382372|418
17382372|14677381
17382372|29661568
17398725|46276934
17398725|28016776
17398725|48440251
17398725|156386898
17398725|34678431
17398725|399731005
17398725|25782736
17398725|142528657
17398725|48615675
17398725|14865477
17398725|30275004
17398725|70391369
17398725|34068067
17398725|20281917
17398725|121773732
17398725|19504854
17398725|74063736
17399155|22938914
17420317|383323
17420317|16185812
17524184|124639439
17524184|48066337
17524184|25586687
17567542|52163021
17570853|19538284
17570853|90808763
17587755|86391738
17599868|201592476
17639688|418
17644786|20955729
17644786|21054806
17644786|41970576
17644786|804640
17644786|21678635
17644786|21113765
17644786|64269958
17644786|17911957
17644786|43144049
17644786|300086170
17644786|19338101
17644786|24663940
17644786|47421959
17644786|2365991
17644786|32504468
17644786|16104331
17644786|103923449
17644786|28221373
17661887|17642118
17721340|276834016
17721340|32233426
17788702|10221
17788702|71904668
17788702|14429823
17788702|15614444
17788702|17876087
17788702|19682247
17788702|299392076
17788702|57174384
17788702|14677381
17788702|10157042
17806447|254985530
17810248|21886558
17810248|115079622
17820753|418
17820753|17463
17820753|18560680
17820753|17885058
17876087|18258253
17876087|299392076
17876087|160102036
17885058|28016776
17885058|22938914
17885058|13274482
17885058|75432614
17885058|18617037
17885058|22848467
17885058|42667928
17885058|418
17885058|15842079
17885058|28221373
17885058|43349273
17885058|18461401
17885058|349659279
17885058|26888377
17885058|21678635
17885058|9851462
17885058|40001164
17885058|17873992
17885058|10221
17885058|198996285
17885058|20643299
17911957|64269958
17917899|286278302
17917899|17463
17917899|22938914
17917899|4958911
17917899|17820753
17917899|48066337
17917899|27840791
17917899|18560680
17917899|5846562
17928369|18258253
17928369|28221373
17972846|3032
17979577|201592476
18004683|18809657
18004683|36807854
18004683|804640
18004683|429541970
18004683|22319651
18004683|190762273
18004683|246083238
18004683|26898230
18004683|309887647
18004683|147338461
18004683|19314329
18004683|18560680
18004683|22428105
18004683|47421959
18004683|34052803
18011337|264552021
18114290|14976587
18121777|25913404
18121777|40456381
18121777|155718390
18121777|22945674
18126056|349659279
18126056|26944821
18126056|67012213
18126056|118982311
18126056|145245905
18126056|128222962
18126056|53118807
18126056|27888179
18126056|21834373
18126056|36252405
18126056|36547342
18126056|33778809
18126056|14372009
18126056|27577906
18126056|23908001
18126056|395224896
18126056|24441491
18126056|133067027
18126056|149607046
18126056|82425354
18126056|32233426
18126056|213072246
18126056|156301886
18126056|25782736
18126056|30235429
18126056|121773732
18126056|25059250
18257109|22938914
18258253|34124040
18258253|20955729
18258253|20657338
18258253|14429823
18263789|27018567
18270658|19769089
18327213|315721628
18327213|72846254
18327213|37798757
18327213|16332709
18327213|359161061
18327213|50918901
18341945|61958606
18342281|12231652
18342281|15909937
18342281|17885058
18342281|20949238
18342281|41970576
18342281|125365320
18342281|260099568
18342281|142528657
18342281|25178758
18342281|79098528
18342281|19888247
18342281|115808431
18342281|24205958
18342281|86391738
18342281|30907848
18342281|22814381
18345348|418
18399756|142528657
18399756|30907848
18461401|23701512
18461401|397168107
18461401|28221373
18488759|19747434
18511850|13799382
18560680|3032
18560680|124639439
18560680|10221
18560680|14429823
18560680|286278302
18560680|27840791
18560680|31020340
18560680|42265590
18560680|25586687
18560680|48066337
18560680|60815174
18580103|78410416
18580103|27325872
18580103|134569782
18617037|198996285
18669469|21262750
18783506|21894019
18797518|98572459
18797518|268459313
18797518|83293587
18807595|22587503
18807595|28206140
18807595|20712916
18807595|22726604
18809657|22319651
18822221|22938914
18926879|22848467
18939464|29255538
18989405|260099568
18989405|14976587
18989405|28110522
18997680|47733618
18997680|22092979
18997680|40523340
18997680|32611304
18997680|225983940
19009248|283136822
19043907|42667928
19047364|20869294
19077521|42667928
19106158|22938914
19114927|39312084
19173483|142528657
19173483|101161180
19173483|24613208
19173483|86391738
19173483|22726604
19174931|14383423
19231263|11371592
19231263|22938914
19284287|21995832
19285439|124325823
19285439|225276553
19285439|14300107
19290681|272736620
19290681|33685973
19290681|17295339
19308000|21796136
19314329|56470232
19314329|309887647
19314329|59279546
19314329|60787321
19314329|14429823
19314329|26898230
19314329|22319651
19314329|25220026
19314329|147338461
19314329|22428105
19314329|47421959
19314329|34052803
19314329|36807854
19331903|20193563
19331903|33829268
19338101|804640
19338101|21678635
19338101|40020840
19338101|64269958
19338101|300086170
19338101|24991239
19338101|60815174
19338101|155417186
19338101|32504468
19338101|103923449
19392969|43069932
19504854|20869294
19504854|156386898
19507427|94070927
19538284|90808763
19538284|30104113
19547322|212342556
19547322|431432692
19661470|56905625
19676660|88597150
19676660|14861579
19682247|19931663
19682247|14429823
19682247|17463
19682247|324951853
19696244|22092979
19696244|9981132
19715734|35954683
19745257|42667928
19749169|30907848
19749169|127056814
19749169|4958911
19753395|310530498
19753395|15128629
19753395|42098040
19753395|50859487
19784413|28016776
19784413|33847133
19784413|20523212
19784413|29798787
19784413|25452940
19784413|125365320
19784413|92577188
19784413|17794715
19784413|22814381
19784413|275363593
19798752|20955729
19798752|31245929
19827253|42667928
19836108|488667514
19836108|63565574
19861093|40785658
19861857|53991585
19861857|30907848
19861857|3032
19861857|10221
19888247|142528657
19888247|26888377
19888247|41234692
19888247|25452940
19888247|22719937
19888247|22814381
19888247|24205958
19888247|19784413
19888247|65188654
19888247|260099568
19888247|752303
19888247|38548483
19888247|22454102
19888247|24663940
19888247|22977734
19888247|41970576
19900233|323937708
19917065|157137532
19917065|418552096
19917065|29380466
19931663|64365960
19937815|23288250
19955062|20193563
19955062|424346533
19955062|127436574
19955062|121300790
19955062|64367070
19955062|20955729
19955062|170122506
19955062|31192337
19955062|324720139
19955062|59358357
19970360|25884731
19970360|27702908
19970360|500398829
20004738|83255641
20014812|55058827
20014812|29834011
20014812|86391738
20014812|53754631
20014812|22938914
20014812|122490091
20038514|33355889
20038514|278755526
20038514|214583865
20038514|38653180
20059890|418
20059890|24441491
20059890|18126056
20059890|11562992
20075728|22938914
20076552|484856233
20172755|399986728
20193563|424346533
20193563|170122506
20281917|64906480
20281917|25525851
20294293|20736140
20302798|418
20321880|287300704
20389296|20038514
20389296|16197534
20396220|27948237
20401337|76545855
20401337|27128737
20401337|48270272
20401337|180336345
20401337|108881666
20420055|24994477
20420055|194001203
20426867|26783643
20483300|477369403
20483300|27818171
20483300|54670715
20483300|55704045
20523212|29637330
20523212|142528657
20523212|41234692
20523212|22719937
20523212|260099568
20523212|41970576
20523212|24205958
20569863|24653840
20603867|20869294
20616412|68315558
20643299|418
20643299|16745590
20643299|804640
20643299|10221
20643299|14429823
20657338|22687037
20665965|28507193
20669195|38142836
20694423|21809306
20712916|378136597
20712916|22587503
20736140|168925185
20736140|46860405
20736140|24994477
20736140|50866377
20736140|138632966
20736140|23494221
20736140|23947024
20737495|52154549
20869294|27920185
20869294|62548835
20869294|28221373
20869294|2278321
20869294|42265590
20869294|137482856
20869294|71383142
20869294|20920911
20869294|33778809
20869294|168919653
20896070|122490091
20896070|23726578
20920911|39135236
20920911|476119334
20924920|14217880
20924920|40020840
20949238|260099568
20955729|21678635
20955729|64269958
20955729|58836802
20955729|32504468
20955729|28221373
21057299|22930359
21057299|31557106
21099731|71416879
21103202|169890371
21103202|34568139
21105165|16602123
21113765|40020840
21136881|22938914
21158157|27351329
21158157|25780981
21220022|418
21225013|7482
21252352|232060665
21252352|25632710
21262750|183211791
21262750|259650868
21279024|15487707
21346776|40028677
21359583|71383142
21359583|169585114
21359583|35981552
21379263|462623583
21391384|26709794
21393897|26458479
21393897|162720599
21404083|21796136
21454968|17885058
21530604|134717811
21531042|86391738
21531042|30907848
21546659|418
21546659|3032
21639765|42667928
21678635|42667928
21678635|198996285
21678635|26888377
21678635|2365991
21678635|64269958
21678635|24663940
21681608|125270591
21681608|124411090
21689241|418
21689241|22938914
21742572|140134393
21796136|488667514
21796136|63565574
21796136|51138891
21796136|140517357
21809306|49922295
21809306|561738041
21813282|38520465
21813282|80647951
21834373|63211545
21834373|213072246
21834373|36547342
21834373|22938914
21834373|27888179
21834373|67012213
21834373|145245905
21834373|128222962
21834373|32233426
21858296|87427899
21866784|533392367
21866784|23240602
21886174|15301179
21886558|19931663
21886558|17885058
21886558|334879104
21963204|56470232
21963204|22319651
21963204|47421959
21963204|34052803
21991009|180909575
22045891|38307871
22046277|47526232
22046277|213072246
22046277|30235429
22046277|82425354
22058855|30907848
22092979|34124040
22092979|549809156
22119904|627997253
22119904|32516816
22119904|50859487
22221017|501460668
22274308|186500556
22319651|56470232
22319651|75432614
22319651|36807854
22319651|429541970
22319651|246083238
22319651|309887647
22319651|91656434
22319651|34124040
22319651|198996285
22319651|35632067
22319651|16462880
22319651|147338461
22319651|22428105
22319651|47421959
22319651|34052803
22319651|29637330
22319651|22383963
22322224|23675597
22383963|47421959
22383963|34052803
22383963|99586796
22428105|70466017
22428105|36807854
22428105|429541970
22428105|246083238
22428105|26898230
22428105|147338461
22428105|47421959
22428105|34052803
22454102|88597150
22454102|41970576
22454102|260099568
22454102|42265590
22454102|22814381
22499188|14861374
22569361|183211791
22586234|25036771
22587503|88597150
22587503|28206140
22687037|336907350
22687037|71904668
22687037|28766392
22687037|299392076
22687037|23871022
22712307|11096662
22719937|18342281
22719937|25452940
22719937|19784413
22719937|41970576
22719937|260099568
22719937|142528657
22719937|41234692
22719937|149279002
22719937|48591980
22719937|24205958
22719937|233782280
22719937|22977734
22719937|30907848
22719937|22814381
22726604|26888377
22726604|36949441
22726604|31422784
22726604|86391738
22737934|28075089
22737934|210757707
22737934|204212394
22737934|89625314
22737934|16463110
22737934|291535646
22814381|25452940
22814381|41970576
22814381|260099568
22814381|142528657
22814381|257085600
22814381|41234692
22814381|65188654
22814381|283136822
22814381|14865477
22814381|190805673
22826185|100018299
22826185|36252405
22845669|14837866
22848467|29471163
22848467|25176517
22888248|22274308
22888248|88597150
22888248|186500556
22938914|234055645
22949672|19784413
22949672|15487707
22949672|30907848
22977734|41970576
22977734|45584137
22977734|65188654
22993401|63211545
22993401|253782323
23004161|71696548
23004161|25101154
23004161|24235731
23016910|30907848
23021684|142528657
23021684|29637330
23121669|99664804
23121669|27822518
23121669|28069063
23121669|91656434
23144454|75432614
23144454|72749923
23144454|41234692
23144454|24099460
23144454|15221654
23144454|127755259
23144454|243102711
23144454|14677381
23145879|27702908
23209554|55145282
23209554|336828910
23240602|250253394
23240602|15420821
23265480|14677381
23286209|22938914
23391414|365948370
23410297|51447781
23494221|34374298
23494221|55788647
23494221|50866377
23494221|336907350
23494221|78762951
23494221|350068218
23494221|50099758
23494221|168925185
23494221|427236118
23494221|237608415
23494221|36960872
23494221|138632966
23494221|23947024
23542462|40020840
23542462|22938914
23564748|33456161
23578860|133067027
23578860|213072246
23578860|27888179
23578860|27763718
23578860|18126056
23578860|266868674
23599159|36170224
23599159|162720599
23599159|26275378
23650827|29637330
23650827|16999262
23650827|14865477
23650827|193583544
23650827|86391738
23671698|233379338
23675597|214618174
23675597|175706278
23675597|61407869
23675597|297110641
23680932|69631283
23701512|34052803
23717472|17295339
23821916|23918241
23833103|64139592
23853647|40020840
23871022|42667928
23877463|26002770
23901980|462623583
23908001|50128595
23908001|10221
23908001|11562992
23918241|168919653
23918241|93923134
23918241|32256505
23918241|137482856
23921787|53795456
23947024|55788647
23947024|237608415
23947024|350068218
23947024|79095526
24041141|27193480
24041141|68315558
24041141|33446339
24041141|33660680
24077353|39403516
24099460|289269067
24136169|26670904
24163841|58728816
24205958|142528657
24205958|115808431
24205958|26888377
24205958|41234692
24205958|30907848
24205958|79098528
24205958|65188654
24205958|41970576
24205958|14865477
24205958|27909505
24205958|260099568
24216078|33685973
24216078|25764664
24216078|53259816
24216078|26291981
24216078|199382328
24221565|15221654
24228377|33299068
24235731|30040144
24235731|258603988
24352597|104795476
24431450|183118574
24441491|35979799
24441491|36547342
24441491|26944821
24441491|24888995
24441491|118982311
24441491|145245905
24441491|23578860
24441491|27888179
24441491|72846254
24441491|14372009
24441491|11562992
24441491|133067027
24441491|35910897
24441491|36173190
24441491|55826349
24441491|85219417
24441491|213072246
24441491|156301886
24441491|30235429
24441491|92577188
24519125|27948237
24553281|46276934
24613208|28696538
24663940|32504468
24663940|272001208
24730207|40020840
24775549|337147032
24775549|405721928
24839270|104705207
24859601|46037035
24859601|214583865
24859601|46292197
24951388|128054838
24951388|124803455
24991239|162290200
24991239|64269958
24991239|103923449
24994477|194001203
25059250|23578860
25059250|156301886
25059250|36547342
25059250|395224896
25101154|31422784
25101154|71696548
25101154|60441325
25101154|134976259
25101154|149331305
25102503|118762226
25108567|12745332
25108567|42667928
25109809|42667928
25111228|50859487
25121926|25460721
25164850|465171865
25176517|42667928
25176517|14850106
25178758|142528657
25220026|245516429
25220026|205557440
25220026|142528657
25220026|41234692
25220026|137482856
25220026|79098528
25220026|260099568
25220026|175700104
25220026|29637330
25220026|94173972
25220026|86391738
25240729|196117757
25240729|243102711
25242954|40020840
25242954|42667928
25348507|241114189
25415410|27128737
25415410|180336345
25452940|28016776
25452940|8602182
25452940|804640
25452940|17885058
25452940|125365320
25452940|142528657
25452940|14865477
25452940|92577188
25477305|245397827
25477305|137482856
25477305|142528657
25525851|294940405
25525851|22587503
25525851|245435539
25525851|14865477
25525851|275363593
25525851|175700104
25525851|94173972
25586687|376971919
25586687|286278302
25586687|22938914
25586687|48066337
25586687|16462880
25586687|78542545
25586687|60815174
25586687|124639439
25586687|26709794
25632710|92577188
25632710|232060665
25632710|128833492
25764664|301532592
25764664|21678635
25764664|14677381
25764664|42667928
25780981|27351329
25829746|418
25884731|50099758
25913404|40456381
25913404|32893652
25946131|33685973
25946131|27485699
26002770|136155706
26002770|804640
26007879|39162945
26007879|35246227
26015335|47748181
26028413|139723964
26191857|21682855
26191857|26670904
26254727|13567
26439141|122898494
26458479|162720599
26541572|39325376
26545455|418
26564596|142528657
26564596|26888377
26564596|28651734
26564596|86391738
26564596|30907848
26583848|418
26583848|7482
26599751|88972178
26630253|159257356
26636029|26965705
26670904|35627054
26670904|272001208
26670904|39162945
26721881|345158690
26721881|152488493
26768715|33057031
26768715|88848133
26874317|218068791
26874317|164971746
26888377|137782229
26888377|35023354
26888377|41970576
26888377|29637330
26898230|63055968
26898230|47421959
26898230|34052803
26898230|40020840
26898230|36807854
26898230|147338461
26944821|17343516
26944821|133067027
26944821|36547342
26944821|156301886
26944821|399731005
26944821|11562992
26955239|21682855
27018567|63586886
27069519|127755259
27093634|259162759
27093634|34547824
27112351|41970576
27112351|142528657
27112351|86391738
27180557|20955457
27193480|3249251
27281198|22938914
27323519|173240427
27325872|134569782
27554787|35673821
27554787|519997393
27600008|31269567
27626638|27072585
27702908|35611404
27702908|42667928
27741731|35788230
27818171|477369403
27818171|145554578
27818171|54670715
27818171|55704045
27822518|92577188
27863294|27369475
27863294|22046277
27863294|156301886
27888179|71516685
27888179|225649393
27888179|128222962
27888179|36547342
27888179|16332709
27888179|55826349
27888179|32233426
27888179|213072246
27888179|61235103
27909505|563315196
27909505|142528657
27909505|79098528
27909505|30907848
27920185|92570237
27920185|88578905
27920185|34193357
27920185|82953735
27920185|155953737
27948237|32516816
27948237|93248355
27948237|304762445
27948237|62548835
27948237|93485326
27948237|92570237
27948237|91656434
27948237|336907350
27948237|42265590
27948237|68091221
27948237|168919653
27948237|101530596
27948237|106907689
27948237|48066337
27948237|267635200
27948237|149279002
27948237|137482856
27948237|447344035
27975005|17237097
28006041|173219425
28006041|60787321
28006041|29076893
28009585|73385168
28016776|9851462
28016776|22938914
28016776|92577188
28016776|260990471
28110522|142528657
28110522|22719937
28110522|186500556
28110522|260099568
28206140|101612101
28206140|88597150
28206140|94173972
28206140|28009585
28206140|31065486
28206140|22888248
28221373|1648351
28221373|21678635
28221373|3032
28221373|42667928
28280897|17885058
28280897|42667928
28363528|169585114
28411561|29471163
28507161|242520937
28548741|157855733
28565532|5407582
28565532|14976587
28594930|35910897
28594930|62338316
28639547|16218208
28654162|18126056
28668373|33355889
28668373|64481808
28696538|76768149
28696538|30907848
28696538|134976259
28744549|16871696
28744549|418
28744549|17820753
28766392|34124040
28766392|16049609
29054110|40020840
29076893|38342320
29093567|40020840
29109326|281774510
29109326|38122501
29172553|4958911
29172553|22938914
29236346|35611404
29255538|39450072
29257499|16104331
29293914|33299068
29303620|40020840
29306813|149172844
29306813|251467478
29353869|418
29353869|22938914
29353869|43226708
29366226|31430656
29471163|96458484
29471163|159257356
29637330|43156649
29637330|86391738
29637330|35023354
29637330|39570171
29637330|41970576
29637330|125365320
29637330|260099568
29637330|142528657
29637330|331207969
29637330|245397827
29637330|233782280
29637330|30907848
29637330|32997030
29637330|42468588
29641321|14049744
29641321|14677381
29661568|48615675
29834011|84926600
29834011|348993303
29986557|32233426
29996077|33567840
30072881|144483398
30104113|51540140
30104113|90808763
30104113|97369056
30189717|64367070
30235429|36547342
30235429|11562992
30235429|156301886
30252294|64906480
30252294|155582373
30297742|35981552
30299637|37041756
30317631|33998931
30317631|74633532
30317631|378058681
30354829|145245905
30374903|286975846
30597761|24951388
30597761|142528657
30723908|20643299
30723908|42667928
30769011|142528657
30772197|243517429
30907848|195616854
30907848|21834460
30907848|15180378
30907848|209396337
30907848|33538727
30907848|73385168
30907848|39570171
30907848|41970576
30907848|140456074
30907848|34263256
30907848|41234692
30907848|53991585
30907848|101612101
30907848|42701966
30907848|127056814
30907848|47816328
31014486|81173521
31014486|21913365
31014486|83111133
31014486|292750714
31047011|26529906
31065486|64906480
31065486|17370221
31065486|211291502
31065486|20281917
31065486|101612101
31065486|21682855
31065486|94173972
31065486|86391738
31124295|22938914
31207281|500398829
31207281|10566402
31223292|78745816
31223292|37840161
31223292|22687037
31236420|45060450
31339420|69488074
31354331|35673821
31354331|41133493
31422784|71696548
31430656|232726683
31557106|102067864
31557106|378386761
31557106|32687216
31557106|68091221
32233426|128222962
32233426|36547342
32233426|14372009
32233426|22826185
32233426|574797152
32233426|213072246
32504468|804640
32504468|17885058
32504468|21678635
32504468|64269958
32504468|42667928
32504468|15842079
32504468|92577188
32516816|419109602
32516816|42098040
32579137|22587503
32681166|214618174
32997030|233782280
33057031|594657690
33355889|64481808
33472133|210757707
33472133|291535646
33618491|86391738
33622890|140378266
33641090|418
33641090|14429823
33660680|124639439
33661024|35023354
33685973|131320193
33685973|201592476
33685973|91962396
33685973|21429947
33685973|41410236
33721758|3249251
33778809|36547342
33778809|369082365
33847133|34263256
33847133|35023354
33847133|74373071
33860439|497859296
33998931|74633532
33998931|164971746
34025816|68669857
34052803|309887647
34052803|36807854
34052803|429541970
34052803|60787321
34052803|246083238
34052803|48066337
34052803|147338461
34052803|47421959
34068067|261615829
34124040|20193563
34124040|427236118
34124040|29363017
34124040|225232174
34124040|549809156
34124040|29076893
34124040|14429823
34124040|46845593
34124040|38342320
34124040|26898230
34124040|31192337
34124040|14677381
34124040|18560680
34124040|47421959
34124040|34052803
34124040|170122506
34124040|23871022
34263256|71696548
34263256|35023354
34263256|260099568
34285173|7636802
34285173|15301179
34374298|46860405
34374298|55788647
34547824|259162759
34563848|175700104
34563848|43805576
34563848|270429314
34563848|45248232
34563848|34566083
34563848|71086927
34563848|144349871
34563848|94173972
34563848|42083517
34563848|38452397
34563848|28696538
34566083|132352072
34566083|144349871
34668290|29798787
34668290|79098528
34668290|39570171
34668290|17587755
34668290|14976587
34956233|62462658
34956233|75432614
35023354|28016776
35023354|30772197
35023354|260099568
35023354|488818511
35023354|142528657
35023354|243517429
35246227|119899411
35246227|23145879
35611404|418
35611404|40020840
35673821|109511890
35788230|162290200
35910897|133067027
35910897|36173190
35910897|118982311
35918364|18807595
35954683|144349871
35954683|190805673
35985206|17911957
36135817|25525851
36170224|134569782
36274973|86391738
36476563|418
36547342|349659279
36547342|418
36547342|218367065
36547342|145245905
36547342|23578860
36547342|14372009
36547342|395224896
36547342|49483679
36547342|133067027
36547342|62338316
36547342|93123861
36547342|213072246
36547342|156301886
36557166|289137016
36603599|268459313
36807854|47421959
36807854|309887647
36889468|52284266
36949353|11359872
36949353|88597150
36949353|119971164
36949441|14976587
36949441|142528657
36949441|86391738
36949441|30907848
37034665|64367070
37034665|34485598
37083922|91656434
37130785|14469505
37275070|115778890
37798757|14850972
37798757|47767815
37798757|213084203
37976361|25176517
37979241|299392076
38062683|40456381
38091985|119264043
38122501|22274308
38122501|428589786
38122501|193583544
38122501|233376886
38133305|14888330
38307871|90681277
38342320|74580776
38452397|120637903
38483808|20961496
38520465|277806127
38520465|62338316
38548483|820942
38548483|79098528
38548483|128054838
38548483|86391738
38548483|30907848
38548483|39755564
38622696|2248211
38653180|16197534
38653180|278755526
38720198|223132069
38720198|86794479
38922526|66764746
38922526|35673821
38936846|175700104
38978103|15301179
39038467|150614617
39162945|435404288
39175589|23145879
39199520|66845697
39234475|228028114
39312084|22938914
39363665|180336345
39363665|76545855
39570171|72846254
39570171|24205958
39570171|92577188
39623028|27978524
39623028|75503381
39668859|399731005
39751122|86391738
39755564|24205958
39755564|79098528
39755564|125365320
40001164|418
40001164|181256816
40001164|20059890
40001164|17021857
40020840|19062833
40020840|89631537
40020840|14429823
40020840|75432614
40020840|45912841
40020840|300086170
40020840|147338461
40020840|16140629
40020840|32504468
40020840|14334807
40100158|43658585
40100158|36003347
40306876|418
40456381|19745578
40523340|10566402
40555239|272001208
40557413|129598481
40557413|258576072
40557413|230619610
40785658|92577188
40830547|30317631
40830547|38520465
41020059|21359583
41020059|22938914
41043058|204869402
41103651|215450012
41103651|418
41103651|78206511
41122217|120637903
41234692|20955457
41234692|18342281
41234692|168919653
41234692|73385168
41234692|42468588
41234692|82953735
41234692|23578860
41234692|41970576
41234692|260099568
41234692|294940405
41234692|142528657
41234692|47748181
41234692|65188654
41234692|53991585
41234692|115808431
41234692|86391738
41234692|233782280
41234692|22454102
41410236|23578860
41531942|17010744
41531942|309501165
41575803|67901356
41732383|158464366
41732383|462623583
41837295|22938914
41949964|3032
41970576|25452940
41970576|73385168
41970576|14976587
41970576|83921698
41970576|260099568
41970576|142528657
41970576|198996285
41970576|245397827
41970576|233782280
42083517|270429314
42096786|69073061
42098040|50859487
42098040|1355741
42098040|16552612
42161548|118982311
42161548|30401273
42225189|300864106
42356461|22938914
42433469|42265590
42468588|18342281
42468588|43156649
42468588|29380466
42514557|51540140
42514557|90808763
42587892|418
42587892|22938914
42667928|177137149
42667928|398321662
42667928|16525465
42667928|49564252
42667928|32516816
42667928|198996285
42667928|3249251
42667928|8598992
42667928|212342556
42667928|29661568
42667928|20920911
42667928|108468990
42667928|17873992
42667928|68091221
42667928|22945674
42701966|29798787
42705577|98572459
42705577|44377285
42705577|268459313
43008187|293790311
43008187|180336345
43156649|142528657
43156649|35023354
43226708|418
43383115|122173724
43658585|52361653
43947798|82732299
43983663|55903275
43983663|270503911
44055850|94521160
44975410|17463
44998511|57290014
44998511|45474206
45090490|85219417
45248232|58154206
45248232|71086927
45248232|27112351
45248232|206854621
45474206|57290014
45568918|3412571
45646770|16796683
45646770|186971161
45693950|68216064
45896059|162406918
46037035|214583865
46207065|31430656
46207065|248933028
46276934|24441491
46599971|53980570
46769493|88597150
46845593|418
46845593|44972889
47421959|309887647
47421959|198996285
47421959|60787321
47421959|40020840
47421959|147338461
47425094|243437785
47521053|172244796
47733618|225983940
47748181|27438577
47816328|418
47816328|13567
47816328|7482
47816328|86391738
47816328|160970618
47880944|63211545
48066337|286278302
48066337|62548835
48066337|137482856
48270272|43008187
48270272|76545855
48288160|21682855
48440251|33299068
48591980|25452940
48591980|142528657
48591980|149279002
48637482|188341071
49217818|457189703
49217818|563315196
49224021|15859184
49483679|22938914
49483679|20281917
49922295|55788647
49922295|60228837
50099758|26002770
50099758|49867604
50099758|23145879
50099758|42667928
50099758|273839630
50099758|52336206
50099758|34068067
50099758|299392076
50099758|316919265
50242345|8894612
50576651|76381202
50859487|418
50859487|16231883
50918901|42667928
50918901|3249251
50918901|123901255
50918901|22099695
50918901|160831680
51128035|613763747
51138891|63565574
51138891|140517357
51313257|22938914
51540140|90808763
51540140|22938914
51540140|285429717
51830966|65816392
51982806|73238232
52306959|418
52336206|266073367
52463915|193044955
52494430|211777809
52699188|573461782
52699188|426562915
52699188|276391406
52699188|492172272
53118807|48440251
53754631|69148693
53754631|84926600
53754631|385844303
53754631|24431450
53754631|122490091
53980570|53795456
53991585|260099568
53991585|9851462
53991585|79098528
53991585|331207969
54551885|62579691
54670715|55704045
55022770|19062833
55050581|102033040
55058827|22938914
55145282|331207969
55145282|336828910
55704045|477369403
55788647|78762951
55788647|237608415
55788647|350068218
55826349|72846254
55826349|213072246
55903275|22274308
55903275|234271480
55903275|14865477
55903275|369103787
56114917|168919653
56470232|309887647
56470232|60787321
56470232|198996285
56470232|47421959
56470232|34052803
56588624|19745578
56905625|13685542
57174384|71904668
57206636|164316748
57661720|75432614
57711821|81173521
57711821|83111133
57711821|292750714
57711821|21913365
57885393|22938914
58208917|418
58208917|7482
58836802|285810141
58883667|589955703
59185577|272001208
59358357|64367070
60228837|25176517
60441325|216179246
60441325|234271480
60441325|149331305
60787321|121300790
60787321|216516672
60787321|64367070
61087192|501352323
61235103|32233426
61235103|18258253
61383150|128054838
61383150|168604979
61407869|17873992
61833330|15859184
62009603|74037869
62009603|155718390
62131700|18126056
62548835|110047394
62548835|183702036
62548835|262269278
62548835|250754313
62941903|183211791
62941903|36003347
63211545|405220318
63211545|149607046
63565574|359307847
63565574|488667514
63586886|30907848
64007746|67798722
64365960|418
64377684|72240652
64629932|38335020
64906480|33661024
64906480|15487707
64906480|30907848
65188654|54551885
65188654|159257356
65188654|48591980
65188654|331207969
65188654|30907848
65188654|55852835
65188654|369082365
65252972|129598481
65816392|418
66764746|35673821
67012213|156301886
67012213|17343516
68091221|124325823
68091221|14853580
68091221|447344035
68216064|16462880
68668985|419262428
68669857|331207969
68767226|216516672
68767226|178906085
69148693|385844303
69148693|200396319
69446976|84926600
69505086|546578089
70391369|142528657
70391369|322445494
70391369|47748181
70391369|245397827
70466017|47421959
71381310|212342556
71381310|237114356
71381310|10221
71383142|88578905
71416879|94101256
71516685|32233426
71525710|40001164
71696548|22726604
71696548|134976259
71904668|4958911
71904668|20193563
71904668|20955729
71904668|16049609
71904668|804640
71904668|61958606
71904668|21678635
71904668|50859487
71904668|64269958
71904668|28766392
71904668|3249251
71904668|20657338
71904668|18258253
71904668|47421959
71904668|34052803
71904668|18004683
71904668|299392076
71904668|17644786
71904668|19955062
71984862|81975092
72240652|23554635
72354897|418
72714375|418
72739539|6297272
72749923|39570171
72749923|26545455
72749923|38548483
72749923|15301179
72749923|86391738
72846254|418
72846254|390178130
73238232|7636802
73385168|25452940
73385168|19784413
73385168|234627874
73385168|14976587
73385168|245516429
73385168|125365320
73385168|260099568
73385168|14865477
73385168|175700104
73385168|24205958
74037869|155718390
74373071|142528657
74473736|11349972
74473736|118791193
75258309|19009248
75432614|137930823
75432614|15347405
75432614|15013516
75432614|88972178
75503381|175706278
75503381|23675597
75911133|278617525
75911133|236712403
75961807|62374346
75961807|78439049
76398320|128210686
76545855|180336345
76545855|108881666
76638842|22938914
76768149|82487407
76988537|23701512
76988537|14609273
77142112|22938914
77142112|90681277
77659885|301532592
78206511|294940405
78390756|17022638
78410416|196800670
78410416|115164432
78410416|61773382
78542545|5846562
78542545|124639439
78542545|45693950
78762951|185318054
78762951|168925185
79098528|14976587
79098528|18989405
79098528|260099568
79098528|13983192
79372949|129569815
79867165|17885058
80081612|22938914
80147956|24623352
80647951|17343516
81008608|20038514
81008608|102033040
81008608|278755526
81173521|83111133
81173521|292750714
81827924|214064622
82247437|95435442
82247437|82666753
82666753|95435442
82666753|203789176
83111133|21913365
83111133|292750714
83313971|30907848
83921698|25452940
83921698|19784413
83921698|20523212
83921698|142528657
83921698|14865477
84765793|72107580
84926600|22938914
84926600|369103787
85443563|32256505
85443563|119971164
86391738|71696548
86391738|15180378
86391738|42468588
86391738|34263256
86391738|39570171
86391738|149279002
86391738|331207969
86391738|15125407
86391738|94173972
86391738|1711321
86452426|19338101
86794479|223132069
87464379|168925185
87464379|266949175
87548291|11404642
88597150|101612101
88597150|14865477
88597150|86391738
89631537|32504468
90098895|60787321
90098895|309982285
90098895|118791193
90681277|91962396
90808763|22938914
90808763|97369056
90830122|309303542
91656434|309887647
91656434|19314329
91656434|20235242
91962396|53259816
91962396|169666613
91962396|287278608
92570237|250754313
92570237|137482856
92570237|447344035
92584875|75167240
93123861|137482856
93123861|804640
93233640|64269958
93233640|21359583
93248355|113089653
93248355|309303542
93715129|252312273
94054899|112056630
94054899|483698525
94173972|22587503
94173972|211291502
94736921|14429823
94736921|124639439
94736921|15301179
95435442|203789176
96017811|111303266
96458484|159257356
96458484|30907848
96862691|120392394
96862691|209396337
96862691|156707174
96862691|169358076
98572459|36603599
98572459|268459313
99138746|19861857
99138746|627283
99231483|100018299
99231483|20959988
99386948|119971164
100018299|276834016
100154370|474618417
100154370|111258523
101433666|404348605
101530596|48186224
101530596|151544596
101713084|180857243
102033040|111574280
102235305|2278321
102235305|13567
102555910|15487707
102555910|17370221
103451235|18114290
103563068|41410236
104115660|500398829
106944327|142528657
106944327|86391738
106944327|30907848
107195433|86391738
107195433|30907848
108193800|378697386
108881666|43008187
110528816|22938914
110733069|193044955
110733069|287989047
111365232|34068067
111365232|42667928
111574280|64367070
111574280|157855733
114406111|500398829
114406111|22938914
114406111|418
114987172|42667928
115796883|137482856
115796883|14677381
116359968|70061266
116646195|268459313
118480073|158426124
118791193|309982285
119281818|252239392
119458682|11096662
119458682|16104331
119971164|11359872
120318490|216788048
120637903|30065361
121255287|15183948
121300790|64367070
121773732|427236118
122490091|348993303
122880260|16437316
122880260|19047364
122880260|115088412
122880260|18126056
122880260|248779652
122880260|399731005
122898494|16552612
124048191|74625765
124325823|558370909
124325823|285810141
124325823|42667928
124639439|22938914
124639439|5846562
124803455|142528657
125365320|245516429
125365320|142528657
125365320|39570171
126138504|299214583
126249571|299741222
126249571|325159909
127125324|804640
127436574|18112810
127436574|21793876
127436574|87464379
127755259|38307871
127755259|213045085
127755259|90681277
127755259|19314329
127755259|17373972
128196580|177554454
128368990|124639439
128833492|804640
128833492|203693936
128856102|140050001
129598481|258576072
129598481|230619610
130917479|264552021
132352072|144349871
132416968|16848056
133067027|218367065
133067027|145245905
133067027|395224896
133067027|33778809
133067027|36173190
133067027|266868674
133067027|213072246
133067027|156301886
133132572|418
133132572|33685973
134562147|14677381
134717811|24613208
134717811|144349871
134717811|137150044
134976259|614799302
136155706|42667928
136155706|198996285
136155706|3249251
136346386|322937951
136346386|184567047
136963150|277085131
137150044|448111363
137482856|317466239
137482856|209396337
137482856|168919653
137482856|315721628
138203932|13799382
139178999|22938914
140050001|434680961
140260003|306975275
140378266|115164432
140378266|213084203
140378266|196800670
140378266|61773382
140378266|53795456
140378266|241114189
140378266|379387653
140378266|135544809
140456074|142528657
140929419|53991585
140929419|86391738
142528657|14500423
142528657|28651734
142528657|196199171
142528657|12231652
142528657|297100757
142528657|17344318
142528657|17885058
142528657|66152361
142528657|245516429
142528657|18114290
142528657|159956113
142528657|260099568
142528657|120318490
142528657|209396337
142528657|18435892
142528657|280784757
142528657|88597150
142528657|149279002
142528657|195616854
142528657|169358076
142528657|15104103
142528657|15487707
142528657|13685542
142528657|32997030
142528657|38548483
142528657|14997575
142528657|175700104
142528657|115808431
142528657|19749169
142528657|245397827
142528657|193583544
142528657|20281917
142528657|101612101
142528657|233782280
142528657|287300704
142528657|252239392
142528657|243760843
142528657|419262428
144101948|163758526
144349871|36024495
144349871|190805673
145020033|128054838
145245905|213072246
145245905|156301886
145245905|349659279
145245905|395224896
145245905|36173190
146229333|6792482
147338461|198996285
147338461|429541970
147338461|36807854
147338461|17206599
147338461|14677381
147338461|16049609
147338461|309887647
1919221|223655647
6231382|287438776
10132082|15391338
14229339|1648351
14522047|22938914
14911481|182941818
14933473|40001164
14947775|22938914
15295595|7482
15295595|418
15616827|63125472
15638248|418
15660703|26296905
15660703|99830638
15660703|37320508
15817330|57885393
16604630|20790621
17263888|369924385
17471887|234756455
17670443|492870715
17670443|445068987
18273958|350618947
19326076|165245857
19560857|125591824
19560857|240102387
20414962|806448
20569074|22938914
20609325|90987322
20609325|267202287
20800725|157762374
21485549|23115255
21890360|40001164
22284507|418
22284507|32958164
22370132|452354455
22642166|70826363
22642166|51877629
23112248|368741276
23354424|11371592
23373926|242027055
23373926|42074988
25024813|447344035
25255290|155282217
25764022|200107800
26296905|99830638
26296905|37320508
26409953|249719909
26409953|28952096
26409953|57184376
26411199|75059568
26411199|30786607
26749108|253849744
26749108|201864164
27023816|373771740
27748538|3032
27748538|172244796
28239851|30065361
28268028|59798097
28460859|481723805
28666090|46121156
28666090|15895114
28666090|152688569
29248508|152347648
29248508|270899971
29585970|418
29777681|26749108
31483028|36505739
32958164|22938914
33195508|41698175
33892149|19314329
34469882|78129122
34674249|8046872
34674249|418
37320508|99830638
37581859|118982311
38027724|14311203
39139837|54133005
40530999|364392512
41270692|142517373
41270692|65429300
43290971|63604982
43290971|92577188
43290971|96908026
47231863|21951651
47423397|54439379
49846164|127365931
49846164|90987322
51490169|172244796
51806231|522795930
51877629|70826363
52504705|128612373
53451175|172244796
54133005|15075134
54287159|113172858
55791499|40001164
56490950|240565742
56854148|253849744
57237205|81830722
57826049|23112248
59505002|211066371
59505002|613846315
59798097|156470864
60830110|307093087
60830110|436783541
61001769|72330116
63604982|544298030
64105329|29854824
64105329|107603197
69206649|94448580
69702320|418
71205315|7414282
71291127|51877629
72330116|436783541
72330116|307093087
74551169|40001164
79320263|40001164
89234515|418
89234515|13567
89234515|22938914
90743051|130518635
91514240|214358743
91514240|172244796
96908026|92577188
97866451|247122269
99633671|92577188
113482054|13799382
115523053|404858548
117026778|46191124
120537863|19382301
122125323|40001164
124180497|587749592
124180497|172244796
127365931|266748422
129863768|188968933
131668661|416683198
134128456|45090490
137815697|40001164
138809867|26063364
138809867|420105777
144202276|13799382
148610324|172244796
148620663|155282217
149172844|251467478
149172844|28296439
149172844|240419154
149279002|159257356
150819421|115164432
151544596|299392076
151544596|71904668
152347648|13274482
152347648|14677381
152347648|17885058
153532795|92577188
153683470|157843155
153785181|23554635
154958511|309947500
155417186|11096662
155517603|33472133
155953737|27888179
156018508|24287971
156301886|36252405
156301886|14372009
156301886|213072246
156386898|168919653
157137532|418552096
157525207|17382372
161935511|24872627
161935511|355646921
162152181|418
162152181|2278321
162290200|64269958
162290200|103923449
162290200|300086170
162468296|71279782
162644139|22938914
162720599|17885058
162720599|29661568
163591816|47034159
163592177|810672
163650954|444830604
164950386|166322087
164971746|278728724
164971746|218068791
165857835|188596073
168248785|14853580
168281661|204212394
168281661|28075089
168919653|317466239
168919653|19676660
168919653|331207969
168919653|431090367
169289375|263967400
169542833|24431450
169542833|39162945
169585114|10221
169585114|15487707
169666613|28075089
169666613|18270658
169666613|3032
169666613|42667928
169666613|14677381
169890371|359307847
169890371|19308000
170122506|31192337
170605063|250754313
170605063|64139592
171308352|238901497
171400072|64367070
172244796|39553572
172244796|26749108
172244796|20569074
172559619|40020840
173135349|262269278
173345491|6018562
176253731|22872575
177137149|15259875
177805155|26687938
178492117|208946212
178906085|75167240
179567534|172244796
179733073|22938914
180336345|118791193
180336345|309982285
180336345|27128737
180336345|90098895
181256816|24133451
181867925|111258523
183118574|392994703
183281874|299392076
185318054|212342556
186616479|305611607
186971161|250253394
187753755|22092979
189596947|418
189596947|218367065
189937960|22938914
190080662|420105777
191601809|422462583
193044955|40020840
193044955|287989047
193583544|297100757
194001203|24205958
195617098|207676600
195791867|258460238
195868526|172244796
196199171|41970576
196199171|13567
196800670|213084203
196800670|418646636
196800670|115164432
198996285|804640
198996285|429541970
198996285|64269958
198996285|246083238
198996285|34052803
199036970|329299071
199339448|11359872
201297376|22938914
201501218|68315558
201592476|289269067
203693936|272001208
203713925|19970360
205557440|19888247
205557440|53991585
205557440|15259875
205557440|41234692
205557440|14266682
205557440|18989405
205557440|18342281
205557440|29637330
205557440|14856967
205557440|29257499
205557440|65188654
205557440|72749923
205557440|219573129
205557440|41970576
205557440|86391738
205557440|12231652
205557440|22977734
205557440|22719937
205557440|13983192
205557440|14976587
205557440|22454102
206892417|42667928
208946212|260288091
210757707|22938914
210757707|89625314
210757707|383323
210757707|16185812
211066371|613846315
211291502|22587503
212342556|240419154
212342556|418
212342556|3249251
213072246|349659279
213084203|241114189
214583865|90808763
214583865|38653180
214583865|413693966
214583865|52253158
214583865|278755526
214583865|15989093
214721427|384011847
215450012|70556209
215888372|29637330
215888372|86391738
215888372|30907848
216516672|124639439
216516672|33660680
218068791|278728724
218284078|133067027
218284078|45090490
218284078|18126056
218367065|18126056
218367065|25059250
218367065|11562992
219781461|22938914
219980984|238287090
220159179|462145335
223667824|369082365
225649393|13683762
227336585|318427124
229969254|22938914
229969254|7482
229969254|418
229999607|14969604
230176840|454537569
230619610|258576072
231835899|127538361
233376886|30907848
233782280|243760843
233782280|245397827
233782280|260099568
233782280|14865477
233830388|418
234055645|114785935
234055645|23286209
236402022|22938914
236712403|278617525
237114356|16104331
237114356|17382372
237114356|3249251
237352913|72749923
237352913|15259875
239164066|19173483
240102387|125591824
240336584|112510640
240368250|160933596
240419154|22845700
240419154|418
240419154|14535614
240419154|23391414
240419154|28296439
240419154|28859943
240565742|599438589
240565742|806448
241114189|399986728
241114189|135544809
242039310|18126056
242080995|22938914
243102711|196117757
243470134|364929791
243517429|259095368
243760843|260099568
243760843|448282317
243848595|157137532
245397827|30907848
245397827|260099568
245397827|41234692
245397827|14976587
245397827|22719937
245435539|22587503
245516429|28016776
245516429|19784413
245516429|14976587
245516429|16583999
245516429|14865477
246083238|309887647
246083238|47421959
246083238|429541970
247621104|16733933
247856725|275202169
247909117|376365748
248933028|287278608
249452407|40001164
249758663|505421384
252239392|39903600
252239392|377561731
252239392|48591980
252239392|86391738
256347359|376742609
257772785|240419154
258135285|40001164
258313741|585889974
258460238|172244796
260099568|294940405
260099568|28009585
260099568|488818511
260180529|13683762
260828058|418
260990471|92577188
262269278|418
264552021|77142112
264552021|17644786
264552021|44055850
265660335|59358357
266748422|427857875
266868674|156301886
266868674|18126056
266868674|22046277
266868674|395224896
267635200|115808431
268459313|345158690
275363593|198787694
275363593|86391738
275363593|30907848
276391406|573461782
276391406|426562915
276391406|492172272
277701621|16585874
278755526|413693966
278755526|26254727
280784757|151192496
281774510|428589786
285620750|342628090
285842031|233830388
287439920|22938914
289269067|287278608
289269067|476119334
290126590|298117155
291850925|260746421
291850925|294358267
292192644|7457322
292750714|21913365
294118770|22130481
294879076|342628090
294940405|22938914
294940405|41103651
297100757|115808431
297100757|14976587
298119329|107905732
299392076|18258253
299392076|29641321
299517821|448282317
300086170|11096662
300086170|103923449
300086170|64269958
301532592|61407869
301532592|287278608
301532592|68315558
301532592|42667928
301532592|144483398
302158649|14677381
305611607|16339693
307093087|436783541
308921323|226468053
308921323|4958911
309303542|22938914
309501165|16463110
309887647|429541970
309887647|17206599
309887647|35632067
309887647|22428105
317466239|86391738
317466239|30907848
317589768|113793594
319982830|22938914
322445494|14976587
322445494|298215426
322445494|36547342
322445494|14677381
322445494|24205958
322445494|86391738
322937951|434991822
329187937|13496242
330605687|501870553
331207969|87548291
331207969|336828910
349659279|395224896
349659279|11562992
355904074|22938914
355904074|225232174
358242426|40020840
359161061|30633122
359161061|315721628
359307847|358299699
361438390|22930359
362956543|32454102
365235556|418
365535140|172244796
369873370|20955729
373472280|396300759
378285423|12375042
378386761|22938914
378386761|11255752
389873713|172244796
390993876|172244796
391435931|30907848
391435931|37238662
392994703|17375520
394063013|64367070
395224896|156301886
395863340|63565574
395863340|488667514
398321662|78390756
398321662|21678635
398321662|124325823
398321662|3249251
398321662|15301179
399986728|16990562
399986728|244068450
399986728|558028224
402736696|15323803
410526406|22938914
419200845|22938914
420105777|64424572
422868419|438690384
424393734|30907848
424393734|41680415
426562915|492172272
426562915|573461782
427236118|14861579
427236118|21682855
428589786|29109326
429994218|19314329
434655736|48186224
434655736|29631668
434991822|553665047
439938731|552571888
445068987|492870715
448292226|22383963
450962785|22024005
451083809|23145879
455243806|378697386
457189703|563315196
467836717|14923519
473576144|53118807
475057931|73238232
476119334|201592476
476119334|68315558
481063575|160970618
485050846|64323929
485050846|418
485050846|3032
485950036|14416784
488818511|43156649
488818511|33847133
492172272|573461782
495768944|22938914
501352323|38520465
501352323|36787966
501870553|552571888
511125708|11619372
511125708|92577188
519997393|29536152
540283724|172244796
540283724|40001164
540283724|11359872
549041707|12856472
549041707|140050001
551063342|18126056
558890003|28859943
564958845|43528039
565065482|142517373
568275516|11255752
568462825|21356240
574797152|36547342
574797152|30317631
574797152|11562992
610602240|413693966
610602240|214583865
610602240|278755526
623100814|15592771
